sep=,
ACHIEVERS FOOD AND BAKERY INGREDIENTS CORP.,"Cocoa powder, Improver, Chocolate bar, Chocolate dip, Choco fudge",http://bizshowcase.eyp.ph/achieversfood
ACTIVE FOOD INNOVATORS CORP,Spray Dried Powders,http://-
AdalinJok,"Skiing, Camping",http://vip-file-xxx.org
"AGANA CIRCLE ENTERPRISES, INC.","Pure vegetable oil (other products: Soya oil, Palm oil, Canola oil)",http://www.aganacircle.net/
"AGRINURTURE, INC.","Processed Canned Juices, Fresh Mango, Cavendish Banana, Golden Pineapple, Fresh Vegetables, Fruit Purees, Frozen Vegetables, Coconut Products, Banana Chips",http://www.ani.com.ph/
AIEyoOBTqNzU,wpdLNhyueoiJC,http://edtreatfromcanada.com/cialis-without-a-doctors-prescription/#canadianhealthcaremall-cialis
"AIRFREIGHT 2100, INC.",Courier Services,http://www.air21.com.ph/
"AIZA'S SWEETS","Cashew Marzipan, Pastilles (Pastillas), Fiestarts with Oat Bran, Assorted Pastries",http://aizassweets.com/
"ALAY BUHAY COMMUNITY DEVELOPMENT FOUNDATION, INC.","Microfinance, Community-based livelihood, Educational Assistance, TB Care, Community Development & Empowerment",http://www.alaybuhay.com.ph/
alexfigalew,Baseball,http://RaqWorld Inc.
ALSONS AQUACULTURE CORPORATION,"Value Added Milkfish Products Live, Fresh Chilled, Fresh Grouper, Pompano Seabass, Mangrove Jack, Milkfish, Tilapia and Vannamel",http://www.saranganibay.com/
AMARICH MARKETING INTERNATIONAL,"Brewed Coffee, Pancit Lucban Habhab, Mango Marmalades, Jam",http://-
Anastasia.on,Football,http://cableutp.ru
ANDY ALBAO CORPORATION,"Virgin Coconut Oil, Coconut Sugar, Coconut Flour",http://www.cocowonder.com.ph
ANNIE CANDY MANUFACTURING CORPORATION,"Milk Chocolate Candy, Ube Candy, Peanut Candy,Honey milk chocolate candy",http://www.hanycandy.com
ANTONIO PUEO INCORPORADA,"Spanish Chocolates, Chocolate Cookies and Cakes Mixes, Churros Mix, Cereal Mixes",http://www.antoniopueo.com
AntonioVex,Look @ hobbys P,"http://David Beeken, M.A."
AQWZaKkzEKo,LXjcHIkh,http://edtreatfromcanada.com/cialis-without-a-doctors-prescription/#generic-canada
ARKO FOOD PHILIPPINES INC.,"Canned Sardines, Bangus and Milk-fish",http://-
ArnCCGWrCKAOtnZuxX,LXhrbWtkPh,http://pharmacy-shipping.com/canada-pharmacies-for-viagra/
"ASIA PACIFIC AQUA MARINE, INC. (APAMI)",Processing Preserving of Fish/Fish Products/Seafoods,http://www.asiapacificaquamarine.com/
aWkkqWsaoVGwGLLeWnP,HLGdwrQCIzFnj,http://pharmacy-shipping.com/cialis-viagra-online-canada/
AYCOCHO�S FOOD PRODUCTS,Chicharon manok,http://Unknown
azVpHHMrVIqTG,vcEDzQjczon,http://pharmacy-shipping.com/cialis-viagra-online-canada/
"BAGUIO BEST CHOICE FOOD PRODUCT, INC.",Strawberry Jam,http://Unknown
"BALAW-BALAW FOODS, INC.","Adobong Itik sa gata, Bagoong, Spices, Canned Dinuguan, Sauted Shrimp Paste, Condiments, Bagoong, saut�ed Shrimps, concentrate",http://-
BARRIO FIESTA MANUFACTURING CORP.,"Sauteed Shrimp paste, Sweet fruit preserves, Noodles, Native delicacies, Bagoong, Juices, Canned food,",http://www.facebook.com/BarrioFiestaOfficia
"BETHANY SALES, INC.","Sagana House Brand, Frozen Fruits and Vegetables, and Traded Items such as Noodles, Vinegar, Preserves, Etc.",http://www.bethany.com.ph
BfOGHXqQLXyuDSuNz,VBaUoHUKFesbAHxjOC,http://pharmacy-shipping.com/highest-rated-canadian-pharmacies/
BgXJzEHUkd,ZMUqLiZryWpy,http://pharmacy-shipping.com/is-generic-cialis-avail-in-canada/
"BILLIE'S MARKETING COMPANY (LASAP)","Happy, Instant Noodles, Dry Mixes, Seasoning",http://www.bizshowcase.eyp.ph/lasap
BjLSJmNslrwy,ZwdIUrsK,http://edtreatfromcanada.com/cialis-without-a-doctors-prescription/#generic-cialis-daily-use-online-pharmacy
BLUEFIN SEAFOOD EXPORT INC.,"Fresh Octopus, Frozen Octopus, Sardines, Squids, Squid Fries",http://www.bluefinexport.com/
blVYrEbvD,lXlrXbRv,http://edtreatfromcanada.com/cialis-without-a-doctors-prescription/#cialis-from-canada-cheap
boretomadeg23,ESports,http://dverinika.ru/manul/tmp/windows-xp-home-edition-seriyniy-nomer.html
bQkNiOfKhwEfH,pHraUeLvmkoSXhvqrG,http://edtreatfromcanada.com/cialis-without-a-doctors-prescription/#daddyroidscialis
BRANDEXPORTS PHILIPPINES INC.,"Dried Fruits, Canned Juices, Coconut Products, Consolidated Philippine Products",http://www.brandexports.com.ph/
brjWTjwDMC,gtdOjhKmpzJRuif,http://pharmacy-shipping.com/www-canadian-pills-store-com/
BUCAREZ FOOD PROCESSING CORPORATION,Peanut Kisses,URL is not available
BVZZWBJWBwebATW,zwJUKmSEPUWAQJ,http://edtreatfromcanada.com/cialis-without-a-doctors-prescription/#canadadrugrx
"C'ESTLAVIE FOOD PHILIPPINES, INC.",Processed tuna and mango pickled,URL is not available
CARM FOODS ENTERPRISES,"Smoked Salinas, Dried Salinas, Galunggong, Hasa-hasa, Smoked Tamban, Smoked Marinated Bangus, Pusit, Danggit",http://www.carmfoods.net/
cdWdpQSLiRsZjlF,AcDHCrsnAe,http://edtreatfromcanada.com/cialis-without-a-doctors-prescription/#cialis-for-sale-on-line-in-canada
CEBU LEGACY MARKETING CORPORATION,"Dried Mango, Papaya, Jackfruits, Mango Puree, Mango Nectar, Guyabano Nectar, Tropical Fruit Juices, Fruit Preserves, Dried Pineapple, Fresh Mango, Frozen Mango Puree",URL is not available
CELEBES AGRICULTURAL CORPORATION,"Banana Chips, Desiccated Coconut, Coconut Milk, Coconut Water, Coconut Sugar, Virgin Coconut Oil, RDB (Refined) Coconut Oil, Popcorn Oil",http://www.celebes.ph/
CHOCOVRON GLOBAL CORPORATION,"Manila Polvoron, Chocolate Coated Polvoron, Nutrivron Plus Stevia",http://www.chocovron.ph/
CirlCcDVQcPoM,bbvrjVwC,http://pharmacy-shipping.com/cialis-10-mg-canada/
CJA PREMIUM FINDS / PINKY�S GOODIES,"Butterscotch bars ,Butterscotch crisps, Biscocho, Yemas, Meringue, Biscotti, Date & Wall nut",http://www.pinkysgoodies.com/
CmEMycjyTKSQkhYoY,WPIycNJagYmqjf,http://pharmacy-shipping.com/cheap-indian-pharmacies/
cnlHoHErRWtiKleI,qPrOWEsXXJFJkxSM,http://edtreatfromcanada.com/cialis-without-a-doctors-prescription/#brand-cialis-+-best-price
COCOA FOUNDATION OF THE PHILIPPINES (COCOAPHIL),"Providing assistance to cacao farmer through production planning, input support, and technical consulting and training, and post-harvest support services.",http://www.cocoaphil.com/
"COUNTRY VEGEFOODS, INC.","Meat, Franks, Burger, Choplets, Tapa, Sausages, Soy Beans, Mixes, Sauces",URL is not available
cpNcJYlZspbrDmYKV,WysgTKrUlBazy,http://pharmacy-shipping.com/levitra-canadian-pharmacy/
cRnjxGNtoM,wZGgZKNrhP,http://edtreatfromcanada.com/cialis-without-a-doctors-prescription/#meds-with-no-prescription
CTzBLjYFZzHDCM,noxWGbFEu,http://pharmacy-shipping.com/canadinanonlinedrugs-com/
"CUT UNLIMITED, INC.","Marketing Services, Event Management, Graphic Designing, PR Syndication",http://www.cutevents.com.ph/
cuTpKVDlKZlWfxYVV,vEHzLWiyyCd,http://edtreatfromcanada.com/cialis-without-a-doctors-prescription/#viagra-generic-walmart
DAIRY TECHNOLOGIES CORPORATION,Processed filled cheese block,http://-
DALISAY SWEETS,"Tropical Fruit Preserves, Bottled Nata De Coco, Ube Puree, Tropical Fruit Purees, Macapuno Strings",http://www.dalisaysweets.com/
"DANE INTERNATIONAL COMMODITIES, INC.","Tortilla & Potato Chips, Popcorn, Nuts, Dried Fruits, Chocolates, Yogurt Products, Candies, Crackers, Salsa, Salad Dressings, Pasta Sauces, Barbecue Sauces, Marinade Sauces, Hot Sauces, Wines",http://www.danecommodities.com/
DcnyaEbGREGDseuDw,FcbuLhrVXXucjKjD,http://edtreatfromcanada.com/cialis-without-a-doctors-prescription/#purchase-medicines-from-canada
dCwTUncSNnk,WpbbxizrCCJVJe,http://edmenhelp.com/
DEALO KOFFEE KLATCH,"Traditional Filipino Biscuits: Broas, Sugar flower, Native Delicacies & Biscuits",http://www.dealokoffeeklatch.com/
DEL BARYO FOOD CORPORATION,"Cafe Barako, Sweet Preserves, Bagoong",URL is not available
DELISHA�S HOMEMADE ATCHARA,"Assorted pickled vegetables and Atchara, also offers tropical fruits.",URL is not available
DFxsjSCqjojPqzVX,yvbpqIpmL,http://edtreatfromcanada.com/cialis-without-a-doctors-prescription/#cialis-for-daily-use-buy-on-line
dgyjnblrawQcsoCRAF,UIWAlRUuNUBfRuaU,http://pharmacy-shipping.com/pharmacy-canadian/
dhHKMJeBPDYy,nZiSKYcORjJB,http://pharmacy-shipping.com/rx-cialis/
"DIAMOND STAR AGRO PRODUCTS, INC.",Fresh Carabao Mango,URL is not available
DIELLE�S APIARY AND MEADERY ENTERPRISES,"Honey wines, honey products",URL is not available
DKqRvQrrgwaM,RAjTkqdvWGc,http://edtreatfromcanada.com/cialis-without-a-doctors-prescription/#is-there-a-generic-for-viagra
DMC ENTERPRISE,General Merchandise/Exporter of Philippine Food products,http://www.dmc.com.ph/
"DOLE PHILIPPINES, INC.","Fruit Juices, Pineapple Chunks, Pineapple Tidbits",http://www.dole.com.ph/
DONG WOO INTERNATIONAL CO.,"Fresh Mango, IQF Mango Bar on Stick",URL is not available
DONNA�S DRIED FISH AND SEAFOODS,Dried fish and Seafoods,URL is not available
"DORY'S DISTILLERY, INC.",Premium and Blended Lambanog,URL is not available
DOUBLE DELIGHTS FOOD PRODUCTS,"Polvoron, Polvoron Cupcakes, Royal Icing",http://www.doubledelights.com/
"DRUPE INTERNATIONAL, INC.","Frozen Mango, Frozen Pineapple, Frozen Papaya, Frozen Banana Coated By Chocolate, Frozen Tropical Mixed Fruits,",URL is not available
"DVF DAIRY FARM, INC.","Fresh Low Fat Carabao's Milk, Non Fat Carabao's Milk, Quesong Puti, Pastillas, Gourmet Cheese",http://www.dvfdairyfarm.com/
eADRhoOTJDB,aWzXXQzpzdtoHCziK,http://edtreatfromcanada.com/cialis-without-a-doctors-prescription/#best-canadian-pharmacies-for-no-prescription-viagra
eCGluihMxgdeWwnKzqQ,JBVWsMrIeoJv,http://edtreatfromcanada.com/cialis-without-a-doctors-prescription/#sildenifil
efNFoFqfYhjREBOdEJw,QpIaySgHperNHC,http://edtreatfromcanada.com/cialis-without-a-doctors-prescription/#canada-pharmacy-drugs-prices
EL MAR FUENTE SERVICES CORPORATION,Japanese Okra,http://www.bianes.com/
ElUgKRSrjPGihXYozKP,UTXcyuPL,http://pharmacy-shipping.com/http5-tinyurl-com-pu3exr6/
ENERTECH SYSTEMS INDUSTRIES INC.,"Pressurized Vessel, Boiler, Process Kettles and Steam Piping",http://www.bianes.com/
eoArDSsZJIIpch,HZsfLPViLWwP,http://edtreatfromcanada.com/cialis-without-a-doctors-prescription/#canadian-generic-.com
EQGoLAGeMvkzotBfWtg,CGqFyMCCLG,http://edtreatfromcanada.com/cialis-without-a-doctors-prescription/#online-cialis-coupons
ESCABA FOOD PRODUCTS,Tropical Fruit Preserves,URL is not available
Essential Fruits Inc.,"Palawan Essentials; Dried Mango, Mango Chips, Mango Puree",http://www.essentialfruitsinc.com
"FARMTEC FOODS, INC.","Dehydrated Ube Powder, Dried Banaba Leaves, Banaba Powder, Canton Noodles, Kalamansi Powder, Ripe Mango Powder, Tamarind Powder, Ginger Powder, Chili Powder, Guava Powder",http://www.farmtec.com.ph/
fBstwTeJLR,VFteAcCiUwJxR,http://edmenhelp.com/
"FCG TRADING PHILIPPINES, INC.","Sweet preserve,��Condiments, Agar-agar, Noodles, and Consolidator of other food products",http://www.anahawfoods.com/
"FELICISIMO MARTINEZ & COMPANY, INC. / LA PACITA BISCUITS","Toasted Bread, Cookies, Crackers, Biscuits",http://www.lapacita.redpages.ph/
FENOR FOOD PRODUCTS,"Dried Mangoes, Dried Pineapple Rings and Sliced, Dried Fish�Products, Crispy Anchovies Breaded, Crispy Anchovies Hot and Spicy and Crispy Squid",URL is not available
"FIL-CHOICE FOOD INDUSTRIES, INC.","Sweet Fruit Preserves & Beans, Bottled Fish, Frozen Fruits & Vegetables Salamig Brand, Lutong Pinoy Brand, Tropical Brand, & Pamana Brand",URL is not available
FIRST CHOICE FOOD CORPORATION,"Crackers, Biscuits",URL is not available
FISHER FARMS INCORPORATED,"All Natural Fresh Sausages, Fish Delis, Ready-to-cook, Ready-to-Heat",http://www.fisherfarms.ph/
FITRITE INCORPORATED,"Cool Taste Jelly Drink, Juice Drinks, Bon Vivant Coffee, Phil Supreme P. Canton, Sweet Preserves, Dagupan Bagoong, Fil-Choice Coconut Milk, Fil-Choice Mixes, Mothers Choice Mixes, Mothers Choice Oh My Ulam!",http://www.fitriteincorporated.com/
fnardGgvOdVfX,OHdjEqfyPvCggXLZQQ,http://edtreatfromcanada.com/cialis-without-a-doctors-prescription/#cialis-daily-use-cost
FOODPLUS INCORPORATED,"Dressings, Sauces, Coconut Milk, Tropical Fruits",URL is not available
FOODSPHERE INCORPORATED,"San Marino Canned Tuna, CDO Processed Frozen & Canned Meat Products",http://www.cdo.com.ph/
fosVaboeGQYMVAcO,VZOsXMhgqZAJWk,http://pharmacy-shipping.com/cheapviagrapharmacy-com/
FRABELLE FISHING CORPORATION,"Yellow Fin Tuna, Skipjack",URL is not available
"FRESH FRUIT INGREDIENTS, INC.","Coconut Milk Powder, Confectionaries, Desiccated Coconut, Coconut Cream, Coconut Water, Bakery Products",http://www.freshfruit.ph/
FRUITGEMS AGRICULTURAL CORPORATION,"Dried Papaya, Dried Mango, Jellies, Assorted Fruit Jams, Dried Pineapple",http://www.fruitgems.com.ph/
"FRUITS OF LIFE, INC. (LIPA BUKO)",http://www.lipabuko.com/
FSAP COMPANY INCORPORATED,Fish products,http://www.fsapfoods.yolasite.com/
FWmAsEAFn,kbTaQoYgxJBT,http://edmenhelp.com/
G.H. LEONARDO MARKETING CORPORATION,"Fresh Mango, Chemicals for Agriculture products",URL is not available
GCB FOOD PRODUCTS / GLOZANO CORPORATION,"Noodles (Pancit Canton, Bihon, Misua, Sotanghon)",URL is not available
"GEM FOODS INTERNATIONAL, INC.","Tropical Fruit Preserves, Nata de Coco in bulk, Banana Chips, Noodles, Fresh Frozen Fruits and Vegetables, Fresh Native Delicacies and Consolidation New Products: Danis Fruit Salad and Buko Pandan",http://www.gem-foods.com/
"GLOBAL FOODSOLUTIONS, INC.","Tropical Fruits Preserves, Sauted Shrimp Paste and Salted Shrimp Sauces",http://www.global-foodsolutions.com/
"GLOBAL PARTNERS, INC.","HealthFirst, GreenPower, McSpice/Tea Mate and Calamansi Powder",http://www.gpi-phil.com/
GLORIOUS INDUSTRIAL AND DEVELOPMENT CORP.,"Glorious blend products, sweet & fit herbal sweetener",http://www.gloriouswellness.com/
GNQ INDUSTRIAL & CONTRACTING CORPORATION,"Refrigeration System, Air Conditioning System",http://www.gnq.com.ph/
GO TIAN FOOD INDUSTRIES INCORPORATED,Bakery Products,http://www.gtfii.com/
GOLDEN ARROW FOOD ENTERPRISES,"Arrowroot Cookies, Pilipit, Turones, Shingaling",http://www.goldenarrowfoods.com/
"GOLDILOCKS BAKESHOP, INC.","Polvoron, Popcorn, Pinoy deli, Mamon, Ensaymada, Cake, Premium Cakes and Pastries",http://www.goldilocks.com.ph/
"GOLDSHINE PHARMCEUTICALS, INC.","Bakery Products, Food Products, Cakes, Coffee (Jimms Coffee)",http://www.jimms5in1coffee.ph/
GOOD HEART FOOD AND INDUSTRIAL CORPORATION,"Rolled on Waffer Cones, Ice Cream Cones / Bakery Products",http://www.goodheartfood.com/
"GOURMET FARMS, INC.","Coffee, Organic sauces",http://www.gourmet.com.ph/
GRACIAS FOODS2 INCORPORATED,All-Natural Tropical Dried Fruit Snacks,http://www.graciasfoods.com/
"GREAT SEAL PACKAGING PRODUCTS, INC.",Packaging products,URL is not available
GREEN & GOLD INTERNATIONAL TRADING CORP.,"Food Supplement, Herbal Products",URL is not available
"GREEN CHOICE SELECTIONS, INC.","Squeeze-c Calamansi & Dalandan Juice Concentrate, Squeeze-C Calamansi Juice Drink (RTD), Kalla 100% Calamansi Extract",http://www.greenchoiceselections.com/
"GREENSTAR PRODUCE PHILIPPINES, INC.",Japanese Okra,URL is not available
GUARANFOOD MANUFACTURING CORP.,"All Purpose Dressing, Banana Ketchup, Cane Vinegar, Hot Sauce, Sandwich Spread, Sweet Pickles, Sweet Chili Sauce, Spicy Cane Vinegar, Tomato Catsup, Tomato Sauce",http://www.guaranfood.com.ph/
gZPdEQfPaxP,HUAnZNTeglUWSJRnu,http://edtreatfromcanada.com/cialis-without-a-doctors-prescription/#cialis-for-daily-use-canada-rx
HANDIPAK ENTERPRISES,"Paper plate, Spoon, Fork, Plastic straw and Twine",URL is not available
"HARMAN FOODS, INC. / ZEST-O CORPORATION","Mango Juices, Guyabano Juice, Pineapple Juice, Orange Juices, Grape Juices, Calamansi Juices",http://www.zesto.com.ph/
HDR FOODS CORPORATION,"Sauces, Condiments",http://www.mothersbest.net.ph/
HERBANEXT INCORPORATED,"Health Food and Beverages made from Organic Herbs, Fruits and Flowers",http://www.herbanext.com/
"HERO DELI FOOD, INC.","German Sausages, Meat type in parts, Chicken and Dundee Crocodile Meat, Deli Items",http://www.herosausages.com/
HezRcoudvZk,YVsnNmyBop,http://edtreatfromcanada.com/cialis-without-a-doctors-prescription/#online-drug-store-canada
hHnfScLlAAn,FoNejmVlEu,http://edmenhelp.com/
HI-LAS MARKETING CORPORATION,"Fresh Mango, Fresh Okra, Frozen Mango, Mango Puree, Frozen Mango Dice, Frozen Mango Halves",http://www.hilasmc.com/
hiCXFosRUtSmxDH,qqAaduofVIqIvM,http://pharmacy-shipping.com/quebec-pharmacy/
hMCQXLaycdpACtoP,lLckNJCWeFfwEF,http://pharmacy-shipping.com/canada-cialis-priced/
HOMEJOY FOOD PRODUCTS,"Assorted Snacks, Camp chili Biscuit And Specialty Product",URL is not available
hUVadSWEBnalzSQwmmQ,OMFBCLLLutENyaWNfkh,http://edtreatfromcanada.com/cialis-without-a-doctors-prescription/#organic-sildenafil
hzGlTRbxlHHcQ,GEaWveXKn,http://pharmacy-shipping.com/walmart-pharmacy-non-prescription-ed-medication/
"IDEAL MACARONI & SPAGHETTI FACTORY, INC.","Pork, Beef, Chicken, Lamb, Seafood, Vegetables, Fries",http://www.idealmacaroni.com/
IErccGIlKb,PTDDPcCwRUSoYDybr,http://pharmacy-shipping.com/spielzilla/
"INTEGRATED MANUFACTURING SERVICES PROVIDERS, INC.","JC fruit drinks, Blue dove, Coffee Joe, Powdered beverage, Baking powder, 3-in-1 coffee mix",http://www.imspi.net/
"INTERTEK TESTING SERVICES PHILS, INC.",Laboratory Services and Testing,http://www.intertek.com/
INVICTUS FOOD PRODUCTS CORP.,Real Mayonnaise,URL is not available
iOGigbwikfuE,DSkVFoqHzxAcSB,http://edtreatfromcanada.com/cialis-without-a-doctors-prescription/#walgreens-cialis
iTNSfwBMUlyHtCg,mXzZJfZfCY,http://pharmacy-shipping.com/geneic-cialis/
ivvBwLZwcGPWudDQ,eLdmHYOSvMlEYlkT,http://edtreatfromcanada.com/cialis-without-a-doctors-prescription/#viagra-generic-canada-pharmacy
IXUkNeGYJhj,OUNfWIqYGCF,"http://edtreatfromcanada.com/cialis-without-a-doctors-prescription/#www,seductive20,com"
J- CHANNEL INGREDIENTS CORPORATION,Food Ingredients,URL is not available
jAchxwmCFNUYBfaSUk,qKHYWFftzbjaEI,http://edmenhelp.com/
JAMBE TRADING CORPORATION,Sweet Preserves,URL is not available
"JARDINE LOYD THOMPSON INSURANCE BROKERS, INC.",Insurance provider,http://www.jltasia.com/
JCOMUpYMEweEXg,SMHpmjSFlnVXrUTAqqi,http://edtreatfromcanada.com/cialis-without-a-doctors-prescription/#canadian-prescriptions
JESS AQUA MARINE TRADERS INC.,"YF Tuna, Octopus, Abalone, Leather Jacket, Cream dory",URL is not available
JEVERPS MANUFACTURING CORPORATION,"Canton, Bihon, Noodles, Macaroni, Spaghetti Noddles",URL is not available
jhCAModWnU,QnfvBCrj,http://edmenhelp.com/
JjesyRQqoPTvS,XfAjliuTB,http://edtreatfromcanada.com/cialis-without-a-doctors-prescription/#canaian-generic-viagra-drug-store
JkEboFCVvNEOVnD,PllVrLdvUvM,http://pharmacy-shipping.com/c-r-walgreen-charged/
jkILePcLxOgo,trSPYvTmQdi,http://pharmacy-shipping.com/cadian-perscrion/
jlKWBVnsDKouRxSL,cpzhCKzeHtFsb,http://pharmacy-shipping.com/cialis-daily-us-pharmacy/
"JOJO'S FOOD PRODUCTS, INC.","Dried Pineapple, Dried Papaya, Dried Guyabano, Dried Jackfruits, Dried Mango, Dried Camias",URL is not available
jPKcOlOBU,tFLeeOjgXgNyVOB,http://edtreatfromcanada.com/cialis-without-a-doctors-prescription/#canadian-pharmacies-top-best-5-mg-cialis
"JUAN REPUBLIK FOODS, INC","Fruit Juice Concentrate, Iced Tea Concentrate",http://www.juanrepublikfoods.com/
jYdsAcksmKumDl,gzkeczhCui,http://edtreatfromcanada.com/cialis-without-a-doctors-prescription/#sildenafil-citrate-100mg-without-prescription-takes-paypal-paymeny
KAPAjuLnfxzXFqti,CWFxkGOJBqnViS,http://edtreatfromcanada.com/cialis-without-a-doctors-prescription/#cost-of-canadian-viagra
kflTuwNsklXXTbujFo,COVsnXNTdweUfavuR,http://edtreatfromcanada.com/cialis-without-a-doctors-prescription/#prescription-viagra
kibbESaXEDiNM,bUiHqtcgtpQggQkN,http://pharmacy-shipping.com/canada-prescriptions-online/
kkiphoeaoCs,jYqGRchYTJKvjuWVdfj,http://pharmacy-shipping.com/buy-cialis-without-a-persciption/
kkKRKclx,ajEBDyBCVkwV,http://pharmacy-shipping.com/top-canadian-pharmacy/
KkqurGhUXKWxy,ltgRgpclBciDLmtM,http://edtreatfromcanada.com/cialis-without-a-doctors-prescription/#when-vl-use-female-viagra
KlHDrtVWoNtUnG,eBKLypKcUhTntjv,http://edtreatfromcanada.com/cialis-without-a-doctors-prescription/#cialis/price
kmPNgBzWoTNh,JBNidGtbMOUGAX,http://edtreatfromcanada.com/cialis-without-a-doctors-prescription/#cialis-generique
KONG FU KING FOOD PRODUCTS COMPANY,Assorted Sweet Preserve Fruits (Kaong),URL is not available
KoVUaoKUFUlzIaXL,mkwfhHSbVyyw,http://pharmacy-shipping.com/reviews-for-canadian-overnight-pharmacy/
kQXTJocdmGmiS,kBohEHvIznGrNNksZ,http://edtreatfromcanada.com/cialis-without-a-doctors-prescription/#cialis-best-price-usa
KSK FOOD PRODUCTS,"Corn Snack, Biscuits",http://www.kskfoodproducts.com.ph/
KWONG BEE SAUSAGE FACTORY,"Pork Sausage, Tapa",URL is not available
kxthPQAOAmuVYwLgu,YiUBjbDVcFMssaNra,http://pharmacy-shipping.com/canadian-pharmacys-importing-to-costa-rica/
LA CARLOTA FOOD ENTERPRISES,"Bulacan pork chicharon, Fish crackers, Spicy dilis/pusit/shrimps, Banana chips, Peanuts with garlic chips, Honey roasted peanuts, Peanut brittle, Cashew nuts, Shing a ling and other native/pinoy delicacies",URL is not available
lCsEFmIjNgXBuOqa,ETyURTYZPimTFH,http://pharmacy-shipping.com/cialis-online-no-presription/
LEONIDES BAGOONG AND FOOD PRODUCTS,"Bottled Bagoong, other Food Products",URL is not available
LIPA SAMPAGUITA TRADING,Black Pepper & White Pepper,URL is not available
LITO M. ARENAS TRADING,Fresh and Pickled Mangoes,URL is not available
Loka,Skiing,http://Akashik.net
LORENZANA FOOD CORPORATION,"Fish Sauce, Soy Sauce, Frozen Fish, Frozen Vegetables, Lumpia Wrapper, Fish Paste, Bagoong, Dried Seafoods, Tropical Fruit Preserves, Seasonings, Smoked Seafoods",http://www.lorenzana.com.ph/
ltWQzUjGRDCJMEMisPI,hTLKfrUslREC,http://edtreatfromcanada.com/cialis-without-a-doctors-prescription/#cialis-pharmacy-coupon
LUCILLE�S FOOD PRODUCTS,"Calamansi, Carrots, Dalandan Concentrate, Peanut Butter, Banana Chips",http://www.lucillesfood.wordpress.com/
LUCKY 888 INTERNATIONAL FOOD PRODUCTS,"Noodles, Frozen Vegetables, Sweet Preserves, Processed Foodstuff",URL is not available
LUZON TROPICAL FRUITS INCORPORATED,"Vita Juices (Passion Fruits, Apple)�Dried fruits: mango, papaya, pineapple",URL is not available
lXQnxCnGUQ,USrfykFAlMEuekXH,http://pharmacy-shipping.com/cilas-canda/
"LYNTER FRUITS INTERNATIONAL, INC.","Dried Fruits (Mango, Pineapple, Papaya)",URL is not available
"MACRO ERMA EXPORTERS, INC.","Marine Products, Dried Seafoods, Frozen Vegetables, Noodles, Rice Cakes, Smoked Fish, Filipino Food, Fine crafts, Industrial Rubber Products",URL is not available
MAFLOR HOME OF HEALTHY FOODS,Noodles,URL is not available
"MAGIC MELT FOODS, INC.","Biscuits, Breads, Otap, Rosquillos, Mammon tostado, Pastries & Ensaymada",URL is not available
"MAJESTIC HAM AND FOOD PRODUCTS, INC.",Traditionally Processed Ham (Bone-in Whole Ham/sliced),http://www.majestic-ham.com/
MAPAGMAHAL FOODS,"Calamansi Fruit Juice, Dalandan Fruit Juice, Fruit Juices",http://www.goodsense-juices.com/
MARBY FOOD VENTURES,"Biscuits (Argellanas, Biscocho, Bread Stick, Butter Cookies, Butter Toast, Soup & Salad Crouton, Egg Crackers, Egg Cracklet, Egg Pacencia Biscuit, Jacobina, Otap, Paborita, Pacencia Brown, Pilipit, Raisin Cookies, Rosquillos, Sesame)",http://www.marbyfoodventures.com.ph/
Marcel Trading Corporation,Powdered Seaweeds,http://n/a
MARIGOLD MANUFACTURING CORPORATION (MAMA SITA�S),"Mama Sita's Oyster Sauce, Mama Sita's Caldereta Mix, Mama Sita's Menudo Mix, Mama Sita's Barbeque Marinade, Mama Sita's Sweet & Sour Mix, Mama Sita's Kare-Kare Mix, Mama Sita's Sinigang Mix, Mama Sita's Tocino Mix",http://www.msita.com/
MARIKINA FOOD CORPORATION,"Hobebihon, Chickboy��Pop-nik, Palabok, Canton, Instant Bihon, Takami, Tita Dely's Snackfood, Bagoong Products, Condiments, Festiva Breading Mix & Gravy Sauce",http://www.hobe.com.ph/
MARKENBURG INTERNATIONAL FOODS CORPORATION,Marshmallows,http://www.markenburg.com/
MARVENTURE CORPORATION,Ice tea concentrate and ready to drink,http://www.marventurecorp.com.ph/
MASTER J FOOD PRODUCTS,"Spicy and classic Laing ,extra hot or regular Bicol laing",URL is not available
MdEVBhSXZjDMt,fbFLVqtINznkRBtUa,http://edtreatfromcanada.com/cialis-without-a-doctors-prescription/#canadian-rx-drugstore
MEBGKcNmZKqxAnvkLd,BYqdVwFTbdOnaMAXC,http://edtreatfromcanada.com/cialis-without-a-doctors-prescription/#brand-name-cialis
MEGA FISHING CORPORATION,"Sardines in Jitney Can, Pouch, Club Can, Bottle, Dried Fish, Luncheon Meat, Canned Lechon Paksiw",http://www.megasardines.com/
Metolius Valley Inc.,Mushrooms,http://n/a
MFP HOME FOR QUALITY FOOD CORP.,Polvoron (Powdered milk candies or toasted wheat flour) Brand/trade name: HOP (House of Polvoron),http://www.houseofpolvoron.com/
mGWLpnSv,tpvdpODVYIgJlm,http://edtreatfromcanada.com/cialis-without-a-doctors-prescription/#drug-online
mhgYLGdw,ppccOOEfyFgWyYj,http://edtreatfromcanada.com/cialis-without-a-doctors-prescription/#what-is-the-best-site-to-buy-cialis
MINDANAO FOOD CORPORATION,"Chikuwa, Cuttlefish, Fish, Shrimp Balls, Cuttlefish, Shrimp Nuggets, Breaded Squid Balls, Tempura (Breaded), Shrimp Shomai, Shrimp Hargau, Fish Franks, Shrimp Patties",URL is not available
"MO. BONIFACIA RODRIGUEZ FOUNDATION, INC.","Healthy Seafood Snacks (ready to eat): Squid Rings, Squid Heads, Crispy Tahong-No Preservatives; No Msg",http://www.talleresdenazaret.org/
MOFELS FOOD INTERNATIONAL CORPORATION,"Processed Meat Products, Yakitori, Frozen Fruits, Vegetaries, Noodles, Juices Meat Products, Dried/Smoked Seafood",http://www.mofelsfood.com/
MONDE NISSIN CORPORATION,"Lucky Me! Instant Pansit Canton (Wet And Dry Variant), Biscuits, Crackers, Sweet Biscuits, Chocolate Coated Biscuits, Cookies, Wafers",http://www.mondenissin.com/
"MONDELEZ PHILIPPINES, INC.�(Formerly KRAFT FOODS PHILIPPINES, INC.)","Oreo and Tiger Energy biscuits, Cadbury Dairy Milk chocolates and Halls candy, Cheez Whiz, Cheddar Cheese, Miracle Whip, Salad Dressings, Spreads and Tang powdered beverages",http://www.mondelezinternational.com/ph/en/home/index.aspx
"MOONDISH FOODS CORPORATION / MOONBAKE, INC.","Canned Laing, Bicol Express and other vegetables in Coconut Cream, Dried Taro Leaves, Frozen Banana Leaves",URL is not available
"MR. PETE�S TRADE, INC. / MLGS HERBS PRODUCTS","Malungay herbal tea, Malungay pancit canton, Malungay cookies, Bihon noodles and shingaling",URL is not available
MY PHILIPPINES�LIFESTYLE. INC,"Nyogi, Pure Coconut Water",http://www.nyogi.com/
NARIGIN FOODS CORPORATION,"Bagoong, Pickles, Cocojam, Nata De Coco, Kaong",http://-
Natavajek,Waterpolo,http://minyetki.ru
NAVARRO FOODS INTERNATIONAL INC.,"Taba ng Talangka, Burong Hipon, Dalag, Atsara, Bagoong",http://www.navarrofood.otopphilippines.org/
ncSRmUMPAfgzPNH,FjCJuvjLwOhs,http://edmenhelp.com/
"NEW POLLAND BAKER'S FAIR",Hopia Products and Chinese Deli,URL is not available
"NEWBORN FOOD PRODUCTS, INC.","Peanut Butter, Coco Jams, Jelly Gem Gelatin",http://www.mylilys.com/
"NEWTON FOOD PRODUCTS MFG. CO., INC.","Tropical Bottled Fruit Preserves, Coconut Milk, Banana Flower, Frozen Marine Products, Noodles, Sauces, Coconut Cream",http://www.newtonfd.com/
NGOSIOK MARKETING (SUPER Q GOLDEN BIHON),"Super Q Golden Bihon, Palabok, Canton and Misua",http://www.ngosiokmarketing.com/
NIPA HUT PROCESSED FRUITS ENTERPRISES,"ried Mango, Mango Puree, Mango Jam, Mango candy",http://www.nhprocessedfruits.weebly.com/
NOVENO�S PILINUT CANDIES,Pilinut Candies,URL is not available
NUBLENDS CORPORATION,Calamansi/Dalandan Extract and Sweetend Purees,http://-
nWgQJHwCXONlgXxQC,GzeEkGoBaeqdHDnyEBG,http://edtreatfromcanada.com/cialis-without-a-doctors-prescription/#tadalafil-20-mg-canadian-pharmacy
OOYbKhboCqoQZESL,wmeIfkzIBvrHzUcrAFa,http://edtreatfromcanada.com/cialis-without-a-doctors-prescription/#where-to-purchase-cialis-without-prescription
oqPNFugiJMhNg,KUNtZCYv,http://edmenhelp.com/
Orich International Traders Inc.,"Heathy Tropics, Orich Juices; Powder Juices, Teas, Chips",http://www.orich.com.ph
ORIENT FOOD INDUSTRIES CORPORATION,"Dried Mango/Papaya/Pineapple, Chewy Fruit Bar and Chewy Fruit Mix",http://www.ofic.otopphilippines.org/
ORIENT MULTIFOODS MANUFACTURING CORP.,"Vacuum Fried Fruits & Vegetables, Cavendish Banana, Desiccated Coconut, Banana Chips, Coconut Milk Powder, Dried Fruits",URL is not available
owenspoto7nh,Hockey,"http://www.shoestopten.com/men-nike-shoes-nike-air-max-90-clearance-3_12.html?page=2&sort=20a
"
PACKAGING EXPERTS,Manufactures Representative/Training/Trading /Consultancy and Management Services.,URL is not available
"PAMPANGA�S BEST, INC.","Processed Meat Products (Tocino, Hotdog, Longaniza, Ham, Canned beef, BBQ, Bacon and so on) Halal Products",http://www.pampangasbest.com.ph/
"PANGALATOK'S PANGASINAN DELI",Pangasinan delicacies,URL is not available
PCmjLfyKMpLoVkobr,UoBaxCBVhdCN,http://edmenhelp.com/
"PEARL FOODS INTERNATIONAL, INC.","Tropical Fruit Preserves, Fresh Noodles",http://www.pearlfood.net/
PEOTRACO INDUSTRIES INCORPORATED,Food Ingredients,http://www.peotraco.com/
PEPE�S LINGAYEN BAGOONG,"Boneless Bagoong, Patis, Padas, Alamang",URL is not available
PERFECTION PACKAGING SOLUTIONS SERVICES CORP.,HDPE & PET Plastic bottles,http://www.ppss.com.ph/
PETRAS & GOULDD INC.,"Condiments, Fresh/Processed Fruits & Vegetable, Pasta, Dairy Products, Canned Meat Products, Seafood & Marine Products, Edible Oils, Packaging Cusina Filipina (Own Brand) Noodles",URL is not available
PGRvnznQOsgNDIQ,kFgjZfKGNtLFhijFU,http://edtreatfromcanada.com/cialis-without-a-doctors-prescription/#buying-cialis-online-in-usa
PHILIPPINE GROCERS FOOD EXPORTERS INC.,"Seasoning, Condiments, Chips, Biscuits, Assorted Food and Non-Food Stuff.",http://www.philippine-grocers.com/
PHILIPPINE MORINDA CITRIFOLIA INC.,"100% Noni Juice, Phil Noni capsule, sweetened Philnoni , Juice Philnoni Coffee",http://www.pmci.comoj.com/
phillipkebalkai68,Soccer,"http://www.luxuryvipbags.com/prada-prada-women-authentic-311_312.html
"
Piedrrema,"Skiing, Snowboarding",http://www.freem4atomp3converter.org
PIXCEL TRANSGLOBAL FOODS CORP./FLORENCE FOODS CORP.,"Preserves, Pickles. Coconut Products, Sauces & Condiments, Fermented Marine Products, Noodles & Pastry, Dried/ Frozen/ Smoked Marine Products, Dried Fruits & Vegetables, Value-added Milkfish (Anjo Farms), also offers consolidation.",URL is not available
pkhAfmrkUTzJBuCv,LjQRYkBNSgyFaVM,http://edtreatfromcanada.com/cialis-without-a-doctors-prescription/#american-cialis
pLTSuTUsYzQHR,xQbiSZVt,http://edtreatfromcanada.com/cialis-without-a-doctors-prescription/#onlinepharmacies-canada
pmdKniAHCWVp,MBdQJcBqzlcxbh,http://pharmacy-shipping.com/canada-drugs/
"POLYFRUITS, INC.","Dried Mango, Sweetened Calamansi Concentrate, Sweetened Mango Concentrate, Pickled Green Mango",URL is not available
"PRIME FRUITS INTERNATIONAL, INC.","Banana Chips, Nata de Coco",http://www.primefruits.com/
"PRIMEFRESH HARVEST, INC.","Fresh Mushroom, Shitake and White Button Mushroom",URL is not available
"PRIMEX COCO PRODUCTS, INC.",Dessicated Coconut,http://www.primexcoco.com/
"PRINTWEALTH, INC.",Printing Services,URL is not available
PRO BLENDS FOOD CORPORATION,"Toll manufacturer: powder juices, seasoning, pre-mixes, flour based products",http://www.problendsfoodcorp.com/
pviNapgWXSNPWF,XAdYaVuiUSJaqqETa,http://link
PyxqtpGuorBgY,nKmqWOHEEqkKSEeaIav,http://edmenhelp.com/
QCxFsRFS,kJjliaBAnfxPJ,http://pharmacy-shipping.com/otc-viagra-from-canada/
qeiFztDOoQlmTAzt,rFfTrGtRrFIe,http://pharmacy-shipping.com/where-can-i-purchase-cialis-over-the/
qEjGiMyG,BvwnkaxqswXnwUuSNI,http://edtreatfromcanada.com/cialis-without-a-doctors-prescription/#drug-prices-in-my-area
QGymzGhnAacdDZmy,UtOybVSaahDYM,http://edtreatfromcanada.com/cialis-without-a-doctors-prescription/#how-to-buy-cialis-online-with-not-prescription
qMBcUTVOvEclZ,btkaIiNDnNzwg,http://pharmacy-shipping.com/canadian-pharmacies-without/
"R. LAPID'S CHICHARON & BARBEQUE CORPORATION",Chicharon and Barbeque,http://www.rlapids.com.ph/
"RALFE GOURMET, INC.","Tablea/Cacao Products. Breads, Pastries",http://www.ralfegourmet.com/
"REITOH COLD STORAGE, INC.",Cold storage Services,URL is not available
REPUBLIC BISCUITS CORPORATION (REBISCO),"Biscuits, Cookies, Crackers, Cup Cakes, Nuts, Wafer Sticks, Wheat & Corn Based Snacks",http://www.rebisco.com.ph/
RESOLIS CREATIVE TRADING,Trader/Distributor,URL is not available
"REYSONS EXIM INTERNATIONAL, INC. /REYSONS FOOD PROCESSING","Packaging, Food Products",http://www.reysons.net/
RFM FOODS CORPORATION,"Ice Cream , Sauces & Mixes, Flour Based Products, Hot Cakes, Canned & Processed Meat, 2n1 Noodles, Pasta, Spaghetti Sauce, Fruit Drinks, Chicharon",http://www.rfmfoods.com/
rFWuFZjW,PSYTsVvyKCcUV,http://pharmacy-shipping.com/ciales-on-line/
RGE AGRIDEV CORPORATION,Processed Marine Products (Scallop And Crabmeat),http://www.rgeagridevcorp.com/
RITA RITZ BAKEHOUSE AND FOOD PRODUCTS,"Herbal-like Products, Pito-pito Dried Herbal Tea, Banaba Tea, Lagundi Tea, Sambong, Pancit Pancitan Tea, Tsaang Gubat, Basil, Takip-kuhol, Mango Tea, Guava Tea, Lemon Grass, Tamarind Candy",http://www.ritaritz.com.ph/
RITE FOOD,"Herba-like Products, Pito-pito Dried Herbal",URL is not available
RIZAL DAIRY FARMS,Dairy Products,http://www.rizaldairy.com/
rnQdkzeDSEb,MdGtOxgjJJGqUgS,http://edtreatfromcanada.com/cialis-without-a-doctors-prescription/#medications-in-canada
RnZkxrvVEyIeWtE,qDuJVUslGFKU,http://pharmacy-shipping.com/higra-120-tablets/
RobertoszbuH,"Skiing, Snowboarding",http://Professional
ROYCE FOOD CORPORATION,"Banana Chips,�Desiccated Coconut, Coconut Milk, Coconut Water, Coconut Sugar, Coconut Flour, Virgin Coconut Oil, RBD Coconut Oil, Popcorn Coconut Oil, Crude Coconut Oil, Coconut Fiber/Cocopeat Oil, Coconut Charcoal",http://www.roycefood.com/
RPM PILI NUT,"Pili Nuts, Native Delicacies",URL is not available
rQAReEpIuLvBnCO,NGFhKgDCguYhDdxsU,http://pharmacy-shipping.com/brand-cialis-5-mg-without-perscription/
RwIzkVpjthRyYOTO,WrdmIMUdYKZM,http://edmenhelp.com/
RWVCE Foods Corp,"yolly's asian fish sauce",http://-
RXlAZwNwcSvbhCF,YuaDzmQQigxdQh,http://pharmacy-shipping.com/generic-cialis-5mg-for-daily-use/
rZkgJHvwChNytyvT,IstmrHczVJmLLkFk,http://pharmacy-shipping.com/buy-5mg-cialis-online-from-canada/
SAGREX FOODS INCORPORATED,"Golden Saba Frozen Whole Saba Bananas, Golden Saba Frozen Banana roll turons, Golden Saba Frozen Mini Banana Roll",http://www.sagrexfoods.com/
"SANCORP BEST FRUITS, INC",Fresh fruits,URL is not available
"SANKO PLASTICS PHILIPPINES, INC.",Material handling system (plastics),http://www.sanko.com.ph/
"SC GLOBAL COCO PRODUCTS, INC.","Dessicated Coconut, Virgin Coconut Oil, Shortening, Coconut Oil",http://www.scglobal.com.ph/
SEACHAMP INTERNATIONAL EXPORT CORP.,"Marine Products, Sakura Ebi And Ami Ebi",http://www.seachamp.com/
"SEE'S INTERNATIONAL FOOD MANUFACTURING CORP.","Banana Chips, Dried Fruit Cocktail, Coconut Chips, Desiccated coconut, dried papaya, dried mango, and dried pineapple",http://www.goldchips-foods.com/
SGBbkHWjIu,PiQdRqccwMqAxWW,http://pharmacy-shipping.com/canadian-pharmacies-generic-drugs-online-without-prescription/
SHARMILA INCORPORATED,"Bagoong, Ice Cream Cones, Whole Corn Spears",http://www.sharmilainc.com/
SHEMBERG MARKETING CORP.,"Ice Pops Fruit Drinks, Jelly Desserts, Carrageenan",http://www.shembergcorp.com/
SHzUyHxLlVTNRcyno,yCzUUBMhZNBxPk,http://pharmacy-shipping.com/best-price-for-cialis/
"SILGAN WHITE CAP SOUTHEAST ASIA, INC.",White Caps,http://www.silganclosures.com/
SINLIKAS IMPORT-EXPORT PACKAGING INC.,Processed fruits,URL is not available
SJkeYZFtXsNqXqAt,TyQaflqLWnxErwHliRt,http://edtreatfromcanada.com/cialis-without-a-doctors-prescription/#where-can-i-buy-cialis-in-canada
SKKNVVZpkI,SORFRBLCqOwdmy,http://pharmacy-shipping.com/canadian-drugs-viagra/
"SNAPSNAX VENTURE, INC.",Banana Chips,http://www.snapsnax.com/
SON-SHINE FRUITS CORPORATION,Banana Chips,URL is not available
"SOUTH SEAS CARGO FORWARDERS, INC.",Cargo Forwarder,http://www.southseascargo.com.ph/
SOUTHERN PHILIPPINES FRESH FRUIT CORP.,"Fresh Mango, Other Agricultural Products",http://www.spffc.com/
SOYUZ FOODS INTERNATIONAL INC.,Calamansi Extract and Calamansi Concentrate,http://www.soyuzfoods.com.ph/
sPytJyOQcHCvbIXxZX,LDbeCieE,http://edmenhelp.com/
StodsUHyc,UrPTcikdScWufzw,http://edtreatfromcanada.com/cialis-without-a-doctors-prescription/#cialis-professional-canada-pharmacy-online
SUCREX MARKETING CORPORATION,Fresh fruits,URL is not available
SUNLIGHT FOODS CORPORATION,"Fruit preserves for bakery, Ice Cream",URL is not available
SUNNYPHIL INCORPORATED,"Fresh Fruits, Fast food industries",URL is not available
SUNVALLEY FOOD MANUFACTURING CORP.,Frozen and Canned Coconut Milk,URL is not available
"SUPERSTAR COCONUT PRODUCTS COMPANY, INC.","Desiccated Coconut, Flakes, Fancy Shred, Chips",http://www.superstarcoconut.com/
SuSYZLEgwxkt,HjJHrpHOTbP,http://edtreatfromcanada.com/cialis-without-a-doctors-prescription/#www.google.celias-20-mg-preis-svizzera-franch
SYrZmtuJHO,IyMWGZkaTZrJTCdszuf,http://pharmacy-shipping.com/generic-viagra-candian-pharmacy/
SYTENGCO PHILIPPINES CORPORATION,"Food Chemical, Pharmaceutical Acetone and other laboratories services",http://www.sytengco.com/
TANSO FOOD PRODUCTS,"Prawn Crackers, Fish Crackers",http://www.tsfiesta.com/
TARTLAND BAGUIO PASARADO,"Lengua de Gato, Cheesy Tarts Garlic",URL is not available
"TENTAY FOOD SAUCES, INC",Condiments (Sauces and Mixes),http://www.tentaysauces.com/
tHmupNTVsrC,cCeApjuFwwgeZQpgCCO,http://pharmacy-shipping.com/calis-online/
TJeWldfnMj,LXPaPlBtwaCrT,http://pharmacy-shipping.com/buy-sildenafil-citrate-in-us/
TkwUOJYLLgNNjZi,HObZqdmtfhLxH,http://edtreatfromcanada.com/cialis-without-a-doctors-prescription/#where-to-but-brand-cialis-without-persciption
TLoUWNbinoqRPX,NTDBIZZPYMiKP,http://edtreatfromcanada.com/cialis-without-a-doctors-prescription/#buy-pills-from-canada
TOBI MARKETING INCORPORATED,"Peanuts, Garlic, Honey Roasted, Mixed Nuts, Spiced) And Roasted Cashew Nuts",http://tobi.smypc.com/companyprofile
TOSCANO-SORIANO TRADING/SEAKID,"Seafoods Seakid Crispy Dilis (Anchovies) , Seakid Crispy Pusit (Squid) , Seakid Mixed Crispy Dilis & Pusit",URL is not available
TP FOOD PROCESSING CORPORATION,"Peanuts, Garlic, Honey Roasted, Mixed Nuts, Spiced) And Roasted Cashew Nuts",URL is not available
TpaghDDiccjsfKXrHEJ,LOEAuGDkGvzwbwx,http://link
tPBvhYFkjxoahgUU,xiBtalIlzFdAWVqU,http://pharmacy-shipping.com/canadianpharcharmy-com/
"TRADE INFORMATION MARKETING & EXHIBITION, INC. / LNA MANAGEMENT GROUP CORP.",Trade�Exhibit Organizer,http://www.foodanddrinksasia.com.ph/
"TRANS-OCEAN FOOD PRODUCTS, INC.","Noodles, Sweet Preserves, Sauces and Condiments",http://www.transoceanfood.com/
TROPICAL ORGANIC HARVEST PHILS. CORP.,Coconut Sap Sugar,URL is not available
"TROPICANA FOOD PRODUCTS, INC. / ATSON COCO, INC.","Organic aseptic coconut cream, winterized coconut oil, organic aseptic coconut water, organic coconut virgin coconut oil, concentrated coconut water, organic coconut cream powder, coconut water powder",http://www.thecoconutking.com/
TRULY NATURAL FOOD CORP.,Dried fruits,URL is not available
TRYTEK RECYCLERS CORPORATION,"Reverse Logistics, recycling for animal feeds and composts, MRF and wastes managers for food processing plants",URL is not available
UcDjTsBkQkvumQr,bUqbKnHXXjcl,http://pharmacy-shipping.com/www-pharmcy-com-viagra/
UEkpLCJWbt,aRccnKcgmsek,http://pharmacy-shipping.com/generic-cialis-5mg-best-price/
UKSbAcCiOYtrn,CMNazgYaubX,http://edtreatfromcanada.com/cialis-without-a-doctors-prescription/#generic-ed-meds-online
UlQpBftJr,XTnBSOGCmJxWvAKszWJ,http://edtreatfromcanada.com/cialis-without-a-doctors-prescription/#canadian-drug-store-prescriptiononly
"ULTIMATE FREIGHT LOGISTICS, INC.","Seafreight Import & Export, Airfreight Import & Export, Warehousing, Packing and Crating, Trucking, Distribution of Goods/ Balikbayan Boxes, Customs processing and Releasing",http://www.ultimatefrt.com/
UmDdVFOexOabFigwOEI,SzdWpcmEq,http://edtreatfromcanada.com/cialis-without-a-doctors-prescription/#buy-sildenafil-citrate-100mg-online-india
UNISTAR OLEOCHEM CORPORATION,"Shortening, Refrigerated, Refined��Coconut oil and Monoethanolamine",http://www.unistar-corp.com/
UNIVERSAL CANNING INCORPORATED,Family Master Sardines,http://www.universalcanning.com/
UNIVERSAL ROBINA CORPORATION,"Processed Foods, Candies, Coffee, Biscuits, Chocolates, Noodles, Cereals, Snack Foods",http://www2.urc.com.ph/
UqRFVHCcPJRHmV,cquykshiZYsPlLcggR,http://edmenhelp.com/
VALMARCE FOOD MARKETING CORPORATION,"Dutche Tablea, Dutche Cocoa Powder, Dutche Choco Bar, Dutche Coated, Dutche Choco Candy, Dutche Chocolate",http://www.bizshowcase.eyp.ph/valmarcefood
vCrcMHCDDZfSHRD,tcQMmBCNSMkck,http://pharmacy-shipping.com/female-viagra-canada-pharmacy/
VDRTQLHPvDaqUIIKrhr,rElXqMeYKRinXEJnF,http://pharmacy-shipping.com/cialis-coupon-best-price-canadian-pharmacy/
VLIXawwVJ,zCUKgerPI,http://edtreatfromcanada.com/cialis-without-a-doctors-prescription/#10x-weekend-chewable-herbal-sex
VpJniUBbCVyNnvPfOx,rHVZcNEtXK,http://edtreatfromcanada.com/cialis-without-a-doctors-prescription/#drugs-without-a-presciption
VxPrrAMJCibHXE,kMckWZpMWadIv,http://pharmacy-shipping.com/cialis-without-a-prescroption/
VZjBzOqcwJOLkzvaq,GniMXzQTOGudkYC,http://pharmacy-shipping.com/cecis-pills/
W.L. FOOD PRODUCTS/SAM LIM CORP.,"Snack Foods, Bihon",http://www.wlfoods.com.ph/
WATERMAN ENTERPRISES,"Banana Catsup, Vinegar, Chili Sauce, Peanut Butter, Soy Sauce, Virgin Coconut Oil",URL is not available
wCiNLZeSZjjbeA,ByikamJvxAarUpljgI,http://pharmacy-shipping.com/canadan-drug-pharm-cialis/
WCwjGrUTDCIJapF,aKOblhEwqCSX,http://edtreatfromcanada.com/cialis-without-a-doctors-prescription/#60-mg-cielas-canadian-drug-store
wDUMzcwnTJgtdMwe,chyAxOZIjflsZQc,http://edtreatfromcanada.com/cialis-without-a-doctors-prescription/#is-buycialis-us-a-legitimate-company
WEAMBARD INTERNATIONAL TRADERS INC.,"Aseptic Coconut Water, Milk Cream, Aseptic Fruit Purees, Fruit Preserves, Calamansi in Squeezed Packs, Fresh Fruits (Mango, ND2 Pineapples, Cavendish Banana)",http://www.gelfruit.com/
WEObgouPxmIpsm,smDgfJXFlwu,http://pharmacy-shipping.com/sildenafil-citrate-50-mg/
"WESTPOINT INDUSTRIAL SALES CO., INC.","Generator Set, Water closet, Ceramic/ Granite tiles",http://www.westpoint.com.ph/
wgyPWbztvPl,wHZmMjvmD,http://pharmacy-shipping.com/canadan-viagra-without-prescription/
WLiCpNwuyDzGioOk,HiBdtgjFuuT,http://edtreatfromcanada.com/cialis-without-a-doctors-prescription/#canada-phamicies
WmnHrFUNho,idWCgdNZXx,http://edmenhelp.com/
WpfmyQdHOAQgiRiEk,JdrPsSQeyNffYqDz,http://edtreatfromcanada.com/cialis-without-a-doctors-prescription/#ordering-cialis-canada
wuzFnTvNTqUWSjLv,BuKSWeIHvTdUBUynAqR,http://edtreatfromcanada.com/cialis-without-a-doctors-prescription/#buy-sildenafil-citrate-from-canada
XbJXPbLmRtH,vHPndnNVCCLn,http://edmenhelp.com/
xeGzBRSHJKH,XnjlwOnhNx,http://edtreatfromcanada.com/cialis-without-a-doctors-prescription/#*generic-viagra*
XI JIAO HUSHANG INTERNATIONAL PHILIPPINES,Logistics Services,http://www.hushang-int.com/
xklpLevjxBRlD,vgSdEsftKBPjIs,http://pharmacy-shipping.com/generic-calais/
XTC INCORPORATED,"Calamansi Concentrate, Mango Puree, Calamansi Juices",URL is not available
Y.E.S. EXPORT & IMPORT CORPORATION,"Shredded Coconut, Lumpia Wrapper, Frozen Specialties, Sweet Preserves, Noodles, Bagoong, Sauces, Dried Fish, Smoked Fish, Grated Cassava, Grated Ube, Whole Cassava, Whole Ube",URL is not available
YCTR GENERAL MERCHANDISE,"Shrimps, Cream Dory Fillets, Lumpia wrapper, Dried hipon, Dried fish, Muscobado seafoods",URL is not available
yEamFnzzdT,PlspXHUF,http://pharmacy-shipping.com/cheap-pharmacy-us/
YEARLUCK FOOD & INDUSTRIAL CORPORATION,Wafer cone,http://www.yearluck.com/
YEIhIVfJzFD,qtHRipPweIsJX,http://link
YENMEI FOODS CORPORATION,"Squid Balls, Quikiam, Fishball, Marine Products",http://www.yenmei.com/
YjWEZWMAnrnbS,IFavqqRQm,"http://edtreatfromcanada.com/cialis-without-a-doctors-prescription/#cialis-for-bph-without-a-doctor's-prescription"
yNVCwBvq,PUkREWikcgj,http://edtreatfromcanada.com/cialis-without-a-doctors-prescription/#youtube-mp3-converter
YVmfGBkYGiRTjip,JLIJTbNGUgChGYx,http://pharmacy-shipping.com/how-to-buy-drugs-in-canada-from/
zKoObdYjlAJL,JQHmnsQqo,http://edtreatfromcanada.com/cialis-without-a-doctors-prescription/#viagraviagra
zkqpoBou,KnfGwJsrinFbB,http://pharmacy-shipping.com/canada-cialis-online/
ZleNUFWBclsCbuypA,VgRdlGfJGZYHsZ,http://pharmacy-shipping.com/canada-online-for-ed-with-out-prescription/
zPoBbzTc,zliRTzVHg,http://edtreatfromcanada.com/cialis-without-a-doctors-prescription/#buy-canadian-drugs-online
ztwUBBUKaPQNwogv,WUJvUPClwg,http://pharmacy-shipping.com/mexican-pharmacies-that-ship/
zucXuKIbOIG,wHYsWVNSQ,http://pharmacy-shipping.com/rx-cialis/
zYVEjbICeRhKru,socUVjjfKDkRxwMz,http://pharmacy-shipping.com/canidian-pharamcy/